test1, Test2, Test3,awef
test1, Test2, Test3,awef
test1, Test2, Test3,awef
test1, Test2, Test3,awef
test1, Test2, Test3,awef
test1, Test2, Test3,awef
test1, Test2, Test3,awef
test1, Test2, Test3,awef
test1, Test2, Test3,awef
test1, Test2, Test3,awef
test1, Test2, Test3,awef
test1, Test2, Test3,awef
test1, Test2, Test3,awef
test1, Test2, Test3,awef
test1, Test2, Test3,awef
test1, Test2, Test3,awef
test1, Test2, Test3,awef
test1, Test2, Test3,awef
test1, Test2, Test3,awef
test1, Test2, Test3,awef
test1, Test2, Test3,awef
test1, Test2, Test3,awef
test1, Test2, Test3,awef
test1, Test2, Test3,awef
test1, Test2, Test3,awef
test1, Test2, Test3,awef
test1, Test2, Test3,awef
test1, Test2, Test3,awef
test1, Test2, Test3,awef
test1, Test2, Test3,awef
test1, Test2, Test3,awef
test1, Test2, Test3,awef
test1, Test2, Test3,awef
test1, Test2, Test3,awef
test1, Test2, Test3,awef
test1, Test2, Test3,awef
test1, Test2, Test3,awef
test1, Test2, Test3,awef
test1, Test2, Test3,awef
test1, Test2, Test3,awef
test1, Test2, Test3,awef
test1, Test2, Test3,awef
test1, Test2, Test3,awef
test1, Test2, Test3,awef
test1, Test2, Test3,awef
test1, Test2, Test3,awef
test1, Test2, Test3,awef
test1, Test2, Test3,awef
test1, Test2, Test3,awef
test1, Test2, Test3,awef
test1, Test2, Test3,awef
test1, Test2, Test3,awef
test1, Test2, Test3,awef
test1, Test2, Test3,awef
test1, Test2, Test3,awef
test1, Test2, Test3,awef
test1, Test2, Test3,awef
test1, Test2, Test3,awef
test1, Test2, Test3,awef
test1, Test2, Test3,awef
test1, Test2, Test3,awef
test1, Test2, Test3,awef
test1, Test2, Test3,awef
test1, Test2, Test3,awef
test1, Test2, Test3,awef
test1, Test2, Test3,awef
test1, Test2, Test3,awef
test1, Test2, Test3,awef
test1, Test2, Test3,awef
test1, Test2, Test3,awef
test1, Test2, Test3,awef
test1, Test2, Test3,awef
test1, Test2, Test3,awef
test1, Test2, Test3,awef
test1, Test2, Test3,awef
test1, Test2, Test3,awef
test1, Test2, Test3,awef
test1, Test2, Test3,awef
test1, Test2, Test3,awef
test1, Test2, Test3,awef
test1, Test2, Test3,awef
test1, Test2, Test3,awef
test1, Test2, Test3,awef
test1, Test2, Test3,awef
test1, Test2, Test3,awef
test1, Test2, Test3,awef
test1, Test2, Test3,awef
test1, Test2, Test3,awef
test1, Test2, Test3,awef
test1, Test2, Test3,awef
test1, Test2, Test3,awef
test1, Test2, Test3,awef
test1, Test2, Test3,awef
test1, Test2, Test3,awef
test1, Test2, Test3,awef
test1, Test2, Test3,awef
test1, Test2, Test3,awef
test1, Test2, Test3,awef
test1, Test2, Test3,awef
test1, Test2, Test3,awef
test1, Test2, Test3,awef
test1, Test2, Test3,awef
test1, Test2, Test3,awef
test1, Test2, Test3,awef
test1, Test2, Test3,awef
test1, Test2, Test3,awef
test1, Test2, Test3,awef
test1, Test2, Test3,awef
test1, Test2, Test3,awef
test1, Test2, Test3,awef
test1, Test2, Test3,awef
test1, Test2, Test3,awef
test1, Test2, Test3,awef
test1, Test2, Test3,awef
test1, Test2, Test3,awef
test1, Test2, Test3,awef
test1, Test2, Test3,awef
test1, Test2, Test3,awef
test1, Test2, Test3,awef
test1, Test2, Test3,awef
test1, Test2, Test3,awef
test1, Test2, Test3,awef
test1, Test2, Test3,awef
test1, Test2, Test3,awef
test1, Test2, Test3,awef
test1, Test2, Test3,awef
test1, Test2, Test3,awef
test1, Test2, Test3,awef
test1, Test2, Test3,awef
test1, Test2, Test3,awef
test1, Test2, Test3,awef
test1, Test2, Test3,awef
test1, Test2, Test3,awef
test1, Test2, Test3,awef
test1, Test2, Test3,awef
test1, Test2, Test3,awef
test1, Test2, Test3,awef
test1, Test2, Test3,awef
test1, Test2, Test3,awef
test1, Test2, Test3,awef
test1, Test2, Test3,awef
test1, Test2, Test3,awef
test1, Test2, Test3,awef
test1, Test2, Test3,awef
test1, Test2, Test3,awef
test1, Test2, Test3,awef
test1, Test2, Test3,awef
test1, Test2, Test3,awef
test1, Test2, Test3,awef
test1, Test2, Test3,awef
test1, Test2, Test3,awef
test1, Test2, Test3,awef
test1, Test2, Test3,awef
test1, Test2, Test3,awef
test1, Test2, Test3,awef
test1, Test2, Test3,awef
test1, Test2, Test3,awef
test1, Test2, Test3,awef
test1, Test2, Test3,awef
test1, Test2, Test3,awef
test1, Test2, Test3,awef
test1, Test2, Test3,awef
test1, Test2, Test3,awef
test1, Test2, Test3,awef
test1, Test2, Test3,awef
test1, Test2, Test3,awef
test1, Test2, Test3,awef
test1, Test2, Test3,awef
test1, Test2, Test3,awef
test1, Test2, Test3,awef
test1, Test2, Test3,awef
test1, Test2, Test3,awef
test1, Test2, Test3,awef
test1, Test2, Test3,awef
test1, Test2, Test3,awef
test1, Test2, Test3,awef
test1, Test2, Test3,awef
test1, Test2, Test3,awef
test1, Test2, Test3,awef
test1, Test2, Test3,awef
test1, Test2, Test3,awef
test1, Test2, Test3,awef
test1, Test2, Test3,awef
test1, Test2, Test3,awef
test1, Test2, Test3,awef
test1, Test2, Test3,awef
test1, Test2, Test3,awef
test1, Test2, Test3,awef
test1, Test2, Test3,awef
test1, Test2, Test3,awef
test1, Test2, Test3,awef
test1, Test2, Test3,awef
test1, Test2, Test3,awef
test1, Test2, Test3,awef
test1, Test2, Test3,awef
test1, Test2, Test3,awef
test1, Test2, Test3,awef
test1, Test2, Test3,awef
test1, Test2, Test3,awef
test1, Test2, Test3,awef
test1, Test2, Test3,awef
test1, Test2, Test3,awef
test1, Test2, Test3,awef
test1, Test2, Test3,awef
test1, Test2, Test3,awef
test1, Test2, Test3,awef
test1, Test2, Test3,awef
test1, Test2, Test3,awef
test1, Test2, Test3,awef
test1, Test2, Test3,awef
test1, Test2, Test3,awef
test1, Test2, Test3,awef
test1, Test2, Test3,awef
test1, Test2, Test3,awef
test1, Test2, Test3,awef
test1, Test2, Test3,awef
test1, Test2, Test3,awef
test1, Test2, Test3,awef
test1, Test2, Test3,awef
test1, Test2, Test3,awef
test1, Test2, Test3,awef
test1, Test2, Test3,awef
test1, Test2, Test3,awef
test1, Test2, Test3,awef
test1, Test2, Test3,awef
test1, Test2, Test3,awef
test1, Test2, Test3,awef
test1, Test2, Test3,awef
test1, Test2, Test3,awef
test1, Test2, Test3,awef
test1, Test2, Test3,awef
test1, Test2, Test3,awef
test1, Test2, Test3,awef
test1, Test2, Test3,awef
test1, Test2, Test3,awef
test1, Test2, Test3,awef
test1, Test2, Test3,awef
test1, Test2, Test3,awef
test1, Test2, Test3,awef
test1, Test2, Test3,awef
test1, Test2, Test3,awef
test1, Test2, Test3,awef
test1, Test2, Test3,awef
test1, Test2, Test3,awef
test1, Test2, Test3,awef
test1, Test2, Test3,awef
test1, Test2, Test3,awef
test1, Test2, Test3,awef
test1, Test2, Test3,awef
test1, Test2, Test3,awef
test1, Test2, Test3,awef
test1, Test2, Test3,awef
test1, Test2, Test3,awef
test1, Test2, Test3,awef
test1, Test2, Test3,awef
test1, Test2, Test3,awef
test1, Test2, Test3,awef
test1, Test2, Test3,awef
test1, Test2, Test3,awef
test1, Test2, Test3,awef
test1, Test2, Test3,awef
test1, Test2, Test3,awef
test1, Test2, Test3,awef
test1, Test2, Test3,awef
test1, Test2, Test3,awef
test1, Test2, Test3,awef
test1, Test2, Test3,awef
test1, Test2, Test3,awef
test1, Test2, Test3,awef
test1, Test2, Test3,awef
test1, Test2, Test3,awef
test1, Test2, Test3,awef
test1, Test2, Test3,awef
test1, Test2, Test3,awef
test1, Test2, Test3,awef
test1, Test2, Test3,awef
test1, Test2, Test3,awef
test1, Test2, Test3,awef
test1, Test2, Test3,awef
test1, Test2, Test3,awef
test1, Test2, Test3,awef
test1, Test2, Test3,awef
test1, Test2, Test3,awef
test1, Test2, Test3,awef
test1, Test2, Test3,awef
test1, Test2, Test3,awef
test1, Test2, Test3,awef
test1, Test2, Test3,awef
test1, Test2, Test3,awef
test1, Test2, Test3,awef
test1, Test2, Test3,awef
test1, Test2, Test3,awef
test1, Test2, Test3,awef
test1, Test2, Test3,awef
test1, Test2, Test3,awef
test1, Test2, Test3,awef
test1, Test2, Test3,awef
test1, Test2, Test3,awef
test1, Test2, Test3,awef
test1, Test2, Test3,awef
test1, Test2, Test3,awef
test1, Test2, Test3,awef
test1, Test2, Test3,awef
test1, Test2, Test3,awef
test1, Test2, Test3,awef
test1, Test2, Test3,awef
test1, Test2, Test3,awef
test1, Test2, Test3,awef
test1, Test2, Test3,awef
test1, Test2, Test3,awef
test1, Test2, Test3,awef
test1, Test2, Test3,awef
test1, Test2, Test3,awef
test1, Test2, Test3,awef
test1, Test2, Test3,awef
test1, Test2, Test3,awef
test1, Test2, Test3,awef
test1, Test2, Test3,awef
test1, Test2, Test3,awef
test1, Test2, Test3,awef
test1, Test2, Test3,awef
test1, Test2, Test3,awef
test1, Test2, Test3,awef
test1, Test2, Test3,awef
test1, Test2, Test3,awef
test1, Test2, Test3,awef
test1, Test2, Test3,awef
test1, Test2, Test3,awef
test1, Test2, Test3,awef
test1, Test2, Test3,awef
test1, Test2, Test3,awef
test1, Test2, Test3,awef
test1, Test2, Test3,awef
test1, Test2, Test3,awef
test1, Test2, Test3,awef
test1, Test2, Test3,awef
test1, Test2, Test3,awef
test1, Test2, Test3,awef
test1, Test2, Test3,awef
test1, Test2, Test3,awef
test1, Test2, Test3,awef
test1, Test2, Test3,awef
test1, Test2, Test3,awef
test1, Test2, Test3,awef
test1, Test2, Test3,awef
test1, Test2, Test3,awef
test1, Test2, Test3,awef
test1, Test2, Test3,awef
test1, Test2, Test3,awef
test1, Test2, Test3,awef
test1, Test2, Test3,awef
test1, Test2, Test3,awef
test1, Test2, Test3,awef
test1, Test2, Test3,awef
test1, Test2, Test3,awef
test1, Test2, Test3,awef
test1, Test2, Test3,awef
test1, Test2, Test3,awef
test1, Test2, Test3,awef
test1, Test2, Test3,awef
test1, Test2, Test3,awef
test1, Test2, Test3,awef
test1, Test2, Test3,awef
test1, Test2, Test3,awef
test1, Test2, Test3,awef
test1, Test2, Test3,awef
test1, Test2, Test3,awef
test1, Test2, Test3,awef
test1, Test2, Test3,awef
test1, Test2, Test3,awef
test1, Test2, Test3,awef
test1, Test2, Test3,awef
test1, Test2, Test3,awef
test1, Test2, Test3,awef
test1, Test2, Test3,awef
test1, Test2, Test3,awef
test1, Test2, Test3,awef
test1, Test2, Test3,awef
test1, Test2, Test3,awef
test1, Test2, Test3,awef
test1, Test2, Test3,awef
test1, Test2, Test3,awef
test1, Test2, Test3,awef
test1, Test2, Test3,awef
test1, Test2, Test3,awef
test1, Test2, Test3,awef
test1, Test2, Test3,awef
test1, Test2, Test3,awef
test1, Test2, Test3,awef
test1, Test2, Test3,awef
test1, Test2, Test3,awef
test1, Test2, Test3,awef
test1, Test2, Test3,awef
test1, Test2, Test3,awef
test1, Test2, Test3,awef
test1, Test2, Test3,awef
test1, Test2, Test3,awef
test1, Test2, Test3,awef
test1, Test2, Test3,awef
test1, Test2, Test3,awef
test1, Test2, Test3,awef
test1, Test2, Test3,awef
test1, Test2, Test3,awef
test1, Test2, Test3,awef
test1, Test2, Test3,awef
test1, Test2, Test3,awef
test1, Test2, Test3,awef
test1, Test2, Test3,awef
test1, Test2, Test3,awef
test1, Test2, Test3,awef
test1, Test2, Test3,awef
test1, Test2, Test3,awef
test1, Test2, Test3,awef
test1, Test2, Test3,awef
test1, Test2, Test3,awef
test1, Test2, Test3,awef
test1, Test2, Test3,awef
test1, Test2, Test3,awef
test1, Test2, Test3,awef
test1, Test2, Test3,awef
test1, Test2, Test3,awef
test1, Test2, Test3,awef
test1, Test2, Test3,awef
test1, Test2, Test3,awef
test1, Test2, Test3,awef
test1, Test2, Test3,awef
test1, Test2, Test3,awef
test1, Test2, Test3,awef
test1, Test2, Test3,awef
test1, Test2, Test3,awef
test1, Test2, Test3,awef
test1, Test2, Test3,awef
test1, Test2, Test3,awef
test1, Test2, Test3,awef
test1, Test2, Test3,awef
test1, Test2, Test3,awef
test1, Test2, Test3,awef
test1, Test2, Test3,awef
test1, Test2, Test3,awef
test1, Test2, Test3,awef
test1, Test2, Test3,awef
test1, Test2, Test3,awef
test1, Test2, Test3,awef
test1, Test2, Test3,awef
test1, Test2, Test3,awef
test1, Test2, Test3,awef
test1, Test2, Test3,awef
test1, Test2, Test3,awef
test1, Test2, Test3,awef
test1, Test2, Test3,awef
test1, Test2, Test3,awef
test1, Test2, Test3,awef
test1, Test2, Test3,awef
test1, Test2, Test3,awef
test1, Test2, Test3,awef
test1, Test2, Test3,awef
test1, Test2, Test3,awef
test1, Test2, Test3,awef
test1, Test2, Test3,awef
test1, Test2, Test3,awef
test1, Test2, Test3,awef
test1, Test2, Test3,awef
test1, Test2, Test3,awef
test1, Test2, Test3,awef
test1, Test2, Test3,awef
test1, Test2, Test3,awef
test1, Test2, Test3,awef
test1, Test2, Test3,awef
test1, Test2, Test3,awef
test1, Test2, Test3,awef
test1, Test2, Test3,awef
test1, Test2, Test3,awef
test1, Test2, Test3,awef
test1, Test2, Test3,awef
test1, Test2, Test3,awef
test1, Test2, Test3,awef
test1, Test2, Test3,awef
test1, Test2, Test3,awef
test1, Test2, Test3,awef
test1, Test2, Test3,awef
test1, Test2, Test3,awef
test1, Test2, Test3,awef
test1, Test2, Test3,awef
test1, Test2, Test3,awef
test1, Test2, Test3,awef
test1, Test2, Test3,awef
test1, Test2, Test3,awef
test1, Test2, Test3,awef
test1, Test2, Test3,awef
test1, Test2, Test3,awef
test1, Test2, Test3,awef
test1, Test2, Test3,awef
test1, Test2, Test3,awef
test1, Test2, Test3,awef
test1, Test2, Test3,awef
test1, Test2, Test3,awef
test1, Test2, Test3,awef
test1, Test2, Test3,awef
test1, Test2, Test3,awef
test1, Test2, Test3,awef
test1, Test2, Test3,awef
test1, Test2, Test3,awef
test1, Test2, Test3,awef
test1, Test2, Test3,awef
test1, Test2, Test3,awef
test1, Test2, Test3,awef
test1, Test2, Test3,awef
test1, Test2, Test3,awef
test1, Test2, Test3,awef
test1, Test2, Test3,awef
test1, Test2, Test3,awef
test1, Test2, Test3,awef
test1, Test2, Test3,awef
test1, Test2, Test3,awef
test1, Test2, Test3,awef
test1, Test2, Test3,awef
test1, Test2, Test3,awef
test1, Test2, Test3,awef
test1, Test2, Test3,awef
test1, Test2, Test3,awef
test1, Test2, Test3,awef
test1, Test2, Test3,awef
test1, Test2, Test3,awef
test1, Test2, Test3,awef
test1, Test2, Test3,awef
test1, Test2, Test3,awef
test1, Test2, Test3,awef
test1, Test2, Test3,awef
test1, Test2, Test3,awef
test1, Test2, Test3,awef
test1, Test2, Test3,awef
test1, Test2, Test3,awef
test1, Test2, Test3,awef
test1, Test2, Test3,awef
test1, Test2, Test3,awef
test1, Test2, Test3,awef
test1, Test2, Test3,awef
test1, Test2, Test3,awef
test1, Test2, Test3,awef
test1, Test2, Test3,awef
test1, Test2, Test3,awef
test1, Test2, Test3,awef
test1, Test2, Test3,awef
test1, Test2, Test3,awef
test1, Test2, Test3,awef
test1, Test2, Test3,awef
test1, Test2, Test3,awef
test1, Test2, Test3,awef
test1, Test2, Test3,awef
test1, Test2, Test3,awef
test1, Test2, Test3,awef
test1, Test2, Test3,awef
test1, Test2, Test3,awef
test1, Test2, Test3,awef
test1, Test2, Test3,awef
test1, Test2, Test3,awef
test1, Test2, Test3,awef
test1, Test2, Test3,awef
test1, Test2, Test3,awef
test1, Test2, Test3,awef
test1, Test2, Test3,awef
test1, Test2, Test3,awef
test1, Test2, Test3,awef
test1, Test2, Test3,awef
test1, Test2, Test3,awef
test1, Test2, Test3,awef
test1, Test2, Test3,awef
test1, Test2, Test3,awef
test1, Test2, Test3,awef
test1, Test2, Test3,awef
test1, Test2, Test3,awef
test1, Test2, Test3,awef
test1, Test2, Test3,awef
test1, Test2, Test3,awef
test1, Test2, Test3,awef
test1, Test2, Test3,awef
test1, Test2, Test3,awef
test1, Test2, Test3,awef
test1, Test2, Test3,awef
test1, Test2, Test3,awef
test1, Test2, Test3,awef
test1, Test2, Test3,awef
test1, Test2, Test3,awef
test1, Test2, Test3,awef
test1, Test2, Test3,awef
test1, Test2, Test3,awef
test1, Test2, Test3,awef
test1, Test2, Test3,awef
test1, Test2, Test3,awef
test1, Test2, Test3,awef
test1, Test2, Test3,awef
test1, Test2, Test3,awef
test1, Test2, Test3,awef
test1, Test2, Test3,awef
test1, Test2, Test3,awef
test1, Test2, Test3,awef
test1, Test2, Test3,awef
test1, Test2, Test3,awef
test1, Test2, Test3,awef
test1, Test2, Test3,awef
test1, Test2, Test3,awef
test1, Test2, Test3,awef
test1, Test2, Test3,awef
test1, Test2, Test3,awef
test1, Test2, Test3,awef
test1, Test2, Test3,awef
test1, Test2, Test3,awef
test1, Test2, Test3,awef
test1, Test2, Test3,awef
test1, Test2, Test3,awef
test1, Test2, Test3,awef
test1, Test2, Test3,awef
test1, Test2, Test3,awef
test1, Test2, Test3,awef
test1, Test2, Test3,awef
test1, Test2, Test3,awef
test1, Test2, Test3,awef
test1, Test2, Test3,awef
test1, Test2, Test3,awef
test1, Test2, Test3,awef
test1, Test2, Test3,awef
test1, Test2, Test3,awef
test1, Test2, Test3,awef
test1, Test2, Test3,awef
test1, Test2, Test3,awef
test1, Test2, Test3,awef
test1, Test2, Test3,awef
test1, Test2, Test3,awef
test1, Test2, Test3,awef
test1, Test2, Test3,awef
test1, Test2, Test3,awef
test1, Test2, Test3,awef
test1, Test2, Test3,awef
test1, Test2, Test3,awef
test1, Test2, Test3,awef
test1, Test2, Test3,awef
test1, Test2, Test3,awef
test1, Test2, Test3,awef
test1, Test2, Test3,awef
test1, Test2, Test3,awef
test1, Test2, Test3,awef
test1, Test2, Test3,awef
test1, Test2, Test3,awef
test1, Test2, Test3,awef
test1, Test2, Test3,awef
test1, Test2, Test3,awef
test1, Test2, Test3,awef
test1, Test2, Test3,awef
test1, Test2, Test3,awef
test1, Test2, Test3,awef
test1, Test2, Test3,awef
test1, Test2, Test3,awef
test1, Test2, Test3,awef
test1, Test2, Test3,awef
test1, Test2, Test3,awef
test1, Test2, Test3,awef
test1, Test2, Test3,awef
test1, Test2, Test3,awef
test1, Test2, Test3,awef
test1, Test2, Test3,awef
test1, Test2, Test3,awef
test1, Test2, Test3,awef
test1, Test2, Test3,awef
test1, Test2, Test3,awef
test1, Test2, Test3,awef
test1, Test2, Test3,awef
test1, Test2, Test3,awef
test1, Test2, Test3,awef
test1, Test2, Test3,awef
test1, Test2, Test3,awef
test1, Test2, Test3,awef
test1, Test2, Test3,awef
test1, Test2, Test3,awef
test1, Test2, Test3,awef
test1, Test2, Test3,awef
test1, Test2, Test3,awef
test1, Test2, Test3,awef
test1, Test2, Test3,awef
test1, Test2, Test3,awef
test1, Test2, Test3,awef
test1, Test2, Test3,awef
test1, Test2, Test3,awef
test1, Test2, Test3,awef
test1, Test2, Test3,awef
test1, Test2, Test3,awef
test1, Test2, Test3,awef
test1, Test2, Test3,awef
test1, Test2, Test3,awef
test1, Test2, Test3,awef
test1, Test2, Test3,awef
test1, Test2, Test3,awef
test1, Test2, Test3,awef
test1, Test2, Test3,awef
test1, Test2, Test3,awef
test1, Test2, Test3,awef
test1, Test2, Test3,awef
test1, Test2, Test3,awef
test1, Test2, Test3,awef
test1, Test2, Test3,awef
test1, Test2, Test3,awef
test1, Test2, Test3,awef
test1, Test2, Test3,awef
test1, Test2, Test3,awef
test1, Test2, Test3,awef
test1, Test2, Test3,awef
test1, Test2, Test3,awef
test1, Test2, Test3,awef
test1, Test2, Test3,awef
test1, Test2, Test3,awef
test1, Test2, Test3,awef
test1, Test2, Test3,awef
test1, Test2, Test3,awef
test1, Test2, Test3,awef
test1, Test2, Test3,awef
test1, Test2, Test3,awef
test1, Test2, Test3,awef
test1, Test2, Test3,awef
test1, Test2, Test3,awef
test1, Test2, Test3,awef
test1, Test2, Test3,awef
test1, Test2, Test3,awef
test1, Test2, Test3,awef
test1, Test2, Test3,awef
test1, Test2, Test3,awef
test1, Test2, Test3,awef
test1, Test2, Test3,awef
test1, Test2, Test3,awef
test1, Test2, Test3,awef
test1, Test2, Test3,awef
test1, Test2, Test3,awef
test1, Test2, Test3,awef
test1, Test2, Test3,awef
test1, Test2, Test3,awef
test1, Test2, Test3,awef
test1, Test2, Test3,awef
test1, Test2, Test3,awef
test1, Test2, Test3,awef
test1, Test2, Test3,awef
test1, Test2, Test3,awef
test1, Test2, Test3,awef
test1, Test2, Test3,awef
test1, Test2, Test3,awef
test1, Test2, Test3,awef
test1, Test2, Test3,awef
test1, Test2, Test3,awef
test1, Test2, Test3,awef
test1, Test2, Test3,awef
test1, Test2, Test3,awef
test1, Test2, Test3,awef
test1, Test2, Test3,awef
test1, Test2, Test3,awef
test1, Test2, Test3,awef
test1, Test2, Test3,awef
test1, Test2, Test3,awef
test1, Test2, Test3,awef
test1, Test2, Test3,awef
test1, Test2, Test3,awef
test1, Test2, Test3,awef
test1, Test2, Test3,awef
test1, Test2, Test3,awef
test1, Test2, Test3,awef
test1, Test2, Test3,awef
test1, Test2, Test3,awef
test1, Test2, Test3,awef
test1, Test2, Test3,awef
test1, Test2, Test3,awef
test1, Test2, Test3,awef
test1, Test2, Test3,awef
test1, Test2, Test3,awef
test1, Test2, Test3,awef
test1, Test2, Test3,awef
test1, Test2, Test3,awef
test1, Test2, Test3,awef
test1, Test2, Test3,awef
test1, Test2, Test3,awef
test1, Test2, Test3,awef
test1, Test2, Test3,awef
test1, Test2, Test3,awef
test1, Test2, Test3,awef
test1, Test2, Test3,awef
test1, Test2, Test3,awef
test1, Test2, Test3,awef
test1, Test2, Test3,awef
test1, Test2, Test3,awef
test1, Test2, Test3,awef
test1, Test2, Test3,awef
test1, Test2, Test3,awef
test1, Test2, Test3,awef
test1, Test2, Test3,awef
test1, Test2, Test3,awef
test1, Test2, Test3,awef
test1, Test2, Test3,awef
test1, Test2, Test3,awef
test1, Test2, Test3,awef
test1, Test2, Test3,awef
test1, Test2, Test3,awef
test1, Test2, Test3,awef
test1, Test2, Test3,awef
test1, Test2, Test3,awef
test1, Test2, Test3,awef
test1, Test2, Test3,awef
test1, Test2, Test3,awef
test1, Test2, Test3,awef
test1, Test2, Test3,awef
test1, Test2, Test3,awef
test1, Test2, Test3,awef
test1, Test2, Test3,awef
test1, Test2, Test3,awef
test1, Test2, Test3,awef
test1, Test2, Test3,awef
test1, Test2, Test3,awef
test1, Test2, Test3,awef
test1, Test2, Test3,awef
test1, Test2, Test3,awef
test1, Test2, Test3,awef
test1, Test2, Test3,awef
test1, Test2, Test3,awef
test1, Test2, Test3,awef
test1, Test2, Test3,awef
test1, Test2, Test3,awef
test1, Test2, Test3,awef
test1, Test2, Test3,awef
test1, Test2, Test3,awef
test1, Test2, Test3,awef
test1, Test2, Test3,awef
test1, Test2, Test3,awef
test1, Test2, Test3,awef
test1, Test2, Test3,awef
test1, Test2, Test3,awef
test1, Test2, Test3,awef
test1, Test2, Test3,awef
test1, Test2, Test3,awef
test1, Test2, Test3,awef
test1, Test2, Test3,awef
test1, Test2, Test3,awef
test1, Test2, Test3,awef
test1, Test2, Test3,awef
test1, Test2, Test3,awef
test1, Test2, Test3,awef
test1, Test2, Test3,awef
test1, Test2, Test3,awef
test1, Test2, Test3,awef
test1, Test2, Test3,awef
test1, Test2, Test3,awef
test1, Test2, Test3,awef
test1, Test2, Test3,awef
test1, Test2, Test3,awef
test1, Test2, Test3,awef
test1, Test2, Test3,awef
test1, Test2, Test3,awef
test1, Test2, Test3,awef
test1, Test2, Test3,awef
test1, Test2, Test3,awef
test1, Test2, Test3,awef
test1, Test2, Test3,awef
test1, Test2, Test3,awef
test1, Test2, Test3,awef
test1, Test2, Test3,awef
test1, Test2, Test3,awef
test1, Test2, Test3,awef
test1, Test2, Test3,awef
test1, Test2, Test3,awef
test1, Test2, Test3,awef
test1, Test2, Test3,awef
test1, Test2, Test3,awef
test1, Test2, Test3,awef
test1, Test2, Test3,awef
test1, Test2, Test3,awef
test1, Test2, Test3,awef
test1, Test2, Test3,awef
test1, Test2, Test3,awef
test1, Test2, Test3,awef
test1, Test2, Test3,awef
test1, Test2, Test3,awef
test1, Test2, Test3,awef
test1, Test2, Test3,awef
test1, Test2, Test3,awef
test1, Test2, Test3,awef
test1, Test2, Test3,awef
test1, Test2, Test3,awef
test1, Test2, Test3,awef
test1, Test2, Test3,awef
test1, Test2, Test3,awef
test1, Test2, Test3,awef
test1, Test2, Test3,awef
test1, Test2, Test3,awef
test1, Test2, Test3,awef
test1, Test2, Test3,awef
test1, Test2, Test3,awef
test1, Test2, Test3,awef
test1, Test2, Test3,awef
test1, Test2, Test3,awef
test1, Test2, Test3,awef
test1, Test2, Test3,awef
test1, Test2, Test3,awef
test1, Test2, Test3,awef
test1, Test2, Test3,awef
test1, Test2, Test3,awef
test1, Test2, Test3,awef
test1, Test2, Test3,awef
test1, Test2, Test3,awef
test1, Test2, Test3,awef
test1, Test2, Test3,awef
test1, Test2, Test3,awef
test1, Test2, Test3,awef
test1, Test2, Test3,awef
test1, Test2, Test3,awef
test1, Test2, Test3,awef
test1, Test2, Test3,awef
test1, Test2, Test3,awef
test1, Test2, Test3,awef
test1, Test2, Test3,awef
test1, Test2, Test3,awef
test1, Test2, Test3,awef
test1, Test2, Test3,awef
test1, Test2, Test3,awef
test1, Test2, Test3,awef
test1, Test2, Test3,awef
test1, Test2, Test3,awef
test1, Test2, Test3,awef
test1, Test2, Test3,awef
test1, Test2, Test3,awef
test1, Test2, Test3,awef
test1, Test2, Test3,awef
test1, Test2, Test3,awef
test1, Test2, Test3,awef
test1, Test2, Test3,awef
test1, Test2, Test3,awef
test1, Test2, Test3,awef
test1, Test2, Test3,awef
test1, Test2, Test3,awef
test1, Test2, Test3,awef
test1, Test2, Test3,awef
test1, Test2, Test3,awef
test1, Test2, Test3,awef
test1, Test2, Test3,awef
test1, Test2, Test3,awef
test1, Test2, Test3,awef
test1, Test2, Test3,awef
test1, Test2, Test3,awef
test1, Test2, Test3,awef
test1, Test2, Test3,awef
test1, Test2, Test3,awef
test1, Test2, Test3,awef
test1, Test2, Test3,awef
test1, Test2, Test3,awef
test1, Test2, Test3,awef
test1, Test2, Test3,awef
test1, Test2, Test3,awef
test1, Test2, Test3,awef
test1, Test2, Test3,awef
test1, Test2, Test3,awef
test1, Test2, Test3,awef
test1, Test2, Test3,awef
test1, Test2, Test3,awef
test1, Test2, Test3,awef
test1, Test2, Test3,awef
test1, Test2, Test3,awef
test1, Test2, Test3,awef
test1, Test2, Test3,awef
test1, Test2, Test3,awef
test1, Test2, Test3,awef
test1, Test2, Test3,awef
test1, Test2, Test3,awef
test1, Test2, Test3,awef
test1, Test2, Test3,awef
test1, Test2, Test3,awef
test1, Test2, Test3,awef
test1, Test2, Test3,awef
test1, Test2, Test3,awef
test1, Test2, Test3,awef
test1, Test2, Test3,awef
test1, Test2, Test3,awef
test1, Test2, Test3,awef
test1, Test2, Test3,awef
test1, Test2, Test3,awef
test1, Test2, Test3,awef
test1, Test2, Test3,awef
test1, Test2, Test3,awef
test1, Test2, Test3,awef
test1, Test2, Test3,awef
test1, Test2, Test3,awef
test1, Test2, Test3,awef
test1, Test2, Test3,awef
test1, Test2, Test3,awef
test1, Test2, Test3,awef
test1, Test2, Test3,awef
test1, Test2, Test3,awef
test1, Test2, Test3,awef
test1, Test2, Test3,awef
test1, Test2, Test3,awef
test1, Test2, Test3,awef
test1, Test2, Test3,awef
test1, Test2, Test3,awef
